"GroupName";"GUID";"Mail";"samAccountName";"Name"
"DOSI CDI";"946c9836-3ceb-49be-88e6-a0e90fa9e7d3";"flaurent@groupama-cm.fr";"FLAURENT";"Fabrice LAURENT"
"DOSI CDI";"9e283c15-87d6-4aaf-bc3d-b5325c0bc28e";"jcjousseau@groupama-cm.fr";"JCJOUSSEAU";"Jean Christophe JOUSSEAU"
"DOSI CDI";"7dd2ba40-41a5-486a-8a45-19a220301a9c";"rgaborel@groupama-cm.fr";"RGABOREL";"Regis GABOREL"
"DOSI CDI";"7e9ece3b-53cb-467d-b46b-8fd4608b9367";"julien.weber@groupama-cm.fr";"GCMNU3951";"Julien WEBER"
"DOSI CDI";"3cca4613-e431-4c21-b4e1-edf5a19c6fcb";"emilie.avedissian@groupama-cm.fr";"GCMNU3920";"Emilie AVEDISSIAN"
"DOSI CDI";"6bd102ba-38dd-480d-ac1e-d49ef3a4f5d9";"marine.menut@groupama-cm.fr";"GCMNU4562";"Marine MENUT"
"DOSI CDI";"ce614852-17bd-44cd-b669-eaaebff82d57";"yohann.allain@groupama-cm.fr";"GCMNU4652";"Yohann ALLAIN"
"DOSI CDI";"8e921e15-e468-4e3c-a21c-79b29ac62117";"pierre.duckit@groupama-cm.fr";"GCMNU4878";"Pierre DUCKIT"
"DOSI CDI";"d2fb67ea-d9df-4df3-bf2c-4e86bda1f9b8";"benoit.le-borgne@groupama-cm.fr";"GCMNU5249";"Benoit LE BORGNE"
